{
    "rmse": 0.6887635331172499,
    "mae": 0.5419805526839979,
    "r2": 0.2052350401203602
}